ID;Plataforma;Autor;Titulo;Alcance;Impresiones;Reproducciones;Likes;Comentarios;Compartidos;Tema;Enlace;Contenido
27;"facebook";"Oscar Villamizar";"🔴 EN VIVO FACEBOOK: Rueda de Prensa y Balance de Gestión Legislativa";84600;104200;38900;5420;6;2120;"Rendición de Cuentas y Debate en Vivo";"https://www.facebook.com/OscarVillamiz/videos/989110522319245/";"Conéctate a la transmisión especial donde rendimos cuentas de los debates de control político, proyectos de ley radicados y la agenda de visitas a las 6 provincias de Santander. ¡Preguntas abiertas sin censura! #OscarVillamizEnVivo"
26;"facebook";"Oscar Villamizar";"Oscar Villamizar: Reunión de Bancada Centro Democrático - Agenda 2026";50300;62800;0;3920;4;890;"Doctrina de Partido y Proyectos Legislativos";"https://www.facebook.com/OscarVillamiz/posts/987810502319112";"Trabajando en equipo con los congresistas y directivas del partido para radicar proyectos de ley que beneficien a las familias colombianas: rebaja del IVA a la canasta familiar básica, cero impuestos a empresas que contraten jóvenes de primer empleo y penas severas a extorsionistas."
25;"facebook";"Oscar Villamizar";"Oscar Villamizar: Audiencia Pública en Barrancabermeja - Empleo y Seguridad";67400;84200;51200;4210;4;1450;"Transición Energética y Empleo Regional";"https://www.facebook.com/OscarVillamiz/videos/986710492319089/";"En el Puerto Petrolero escuchamos a los trabajadores de la industria y a los comerciantes. La transición energética debe ser técnica, gradual y sin destruir la principal fuente de regalías de los municipios santandereanos. ¡Defender el empleo de Barrancabermeja es defender a Colombia!"
24;"facebook";"Oscar Villamizar";"Oscar Villamizar: Gran Encuentro Comunal en Bucaramanga - Escuchando el Territorio";61500;78900;0;4780;5;1120;"Acción Comunal y Territorio";"https://www.facebook.com/OscarVillamiz/posts/985610482319045";"Una jornada extraordinaria junto a presidentes de Junta de Acción Comunal, ediles y líderes barriales de Bucaramanga y el área metropolitana. La confianza se gana con presencia constante y con la verdad por delante. ¡Seguimos trabajando de la mano con las comunidades!"
23;"facebook";"Oscar Villamizar";"Oscar Villamizar: Intervención en Plenaria del Senado - Presupuesto y Austeridad";96200;118400;73400;6850;6;2890;"Austeridad Fiscal y Control Presupuestal";"https://www.facebook.com/OscarVillamiz/videos/984210452319012/";"Comparto con los santandereanos y con todos los colombianos mi postura argumentada en la plenaria del Senado frente al presupuesto nacional. Defender lo que funciona y corregir lo que falla es el verdadero camino republicano. No vamos a permitir que se use el presupuesto como chequera política en año preelectoral."
22;"instagram";"@oscarvillamiz";"@oscarvillamiz: Posición Clara frente a la Reforma a la Salud (Reel)";88400;108200;64800;6110;5;2340;"Salud Pública y Protección al Paciente";"https://www.instagram.com/reel/C5L490yT_05/";"No permitiremos que destruyan un sistema que atiende a millones para volver al desastre del Seguro Social. Hay que mejorar los tiempos de citas y dignificar al personal médico, pero sin expropiar el derecho de los colombianos a elegir su EPS. ¡La salud es sagrada! 🩺🏥 #DefensaDeLaSalud"
21;"instagram";"@oscarvillamiz";"@oscarvillamiz: Recorrido Campesino en San Gil y Provincias Guanentá (Galería)";52100;64500;0;4320;4;980;"Sector Agropecuario y Provincias";"https://www.instagram.com/p/C5I278mP_04/";"Madrugando con los caficultores y productores del sur de Santander. El campo es el corazón de nuestra economía; sin vías terciarias dignas y sin alivio a los insumos agrícolas, no hay soberanía alimentaria. ¡Firme compromiso con el campo santandereano! ☕🌾 #ProvinciasDeSantander #Guanenta #Comunera"
20;"instagram";"@oscarvillamiz";"@oscarvillamiz: Diálogo con Jóvenes Emprendedores en Floridablanca (Reel)";57800;71200;46200;3940;5;1150;"Emprendimiento Juvenil y Oportunidades";"https://www.instagram.com/reel/C5F034kL_03/";"La juventud santandereana no quiere limosnas, quiere oportunidades reales: créditos blandos para emprender, capacitación en tecnología y menos trabas burocráticas para abrir empresa. ¡Desde el Senado impulsaremos la Ley de Emprendimiento Juvenil Sin Trabas! 🚀💡 #JóvenesConVillamizar"
19;"instagram";"@oscarvillamiz";"@oscarvillamiz: 4 Pilares Innegociables para el Futuro de Colombia (Carrusel)";68500;82400;0;4890;5;1320;"Pilares Programáticos y Doctrina Política";"https://www.instagram.com/p/C5DE12xF_02/";"1️⃣ Respaldo a la Fuerza Pública y recuperación de la seguridad ciudadana.
2️⃣ Blindaje de los recursos de la salud sin estatización destructiva.
3️⃣ Incentivos y reducción del costo del Estado para bajar impuestos.
4️⃣ Inversión en vías terciarias y tecnología para el agro colombiano.

¿Cuál de estas prioridades consideras más urgente? Te leo en los comentarios."
18;"instagram";"@oscarvillamiz";"@oscarvillamiz: En Santander y en Colombia la libertad se defiende con carácter (Reel)";79200;94300;58400;5620;6;1840;"Presencia Territorial y Liderazgo Regional";"https://www.instagram.com/reel/C5A8B9cD_01/";"Un mensaje directo desde el territorio: Recorriendo nuestras provincias santandereanas. La gente trabajadora no pide promesas vacías, exige vías transitables, seguridad para cosechar y apoyo decidido a las microempresas. ¡Seguimos firmes construyendo futuro con valores y determinación! 🇨🇴⛰️ #OscarVillamizar #SantanderFirme #Senado2026"
17;"twitter";"@OscarVillamiz";"@OscarVillamiz: Pronunciamiento Bancada - Garantías Electorales 2026";46700;60400;0;2980;4;910;"Transparencia y Garantías Democráticas";"https://x.com/OscarVillamiz/status/1768129841984013320";"Exigimos al Ministerio del Interior y a las autoridades electorales blindar las mesas de votación en zonas rurales de Santander, Norte de Santander y Bolívar. La democracia no se negocia con grupos al margen de la ley. ¡Voto libre y transparente! 🗳️🇨🇴"
16;"twitter";"@OscarVillamiz";"@OscarVillamiz: En Plenaria - Defensa del Ahorro Pensional Colombiano";53200;71500;0;3890;4;1280;"Defensa Pensional y Derechos Laborales";"https://x.com/OscarVillamiz/status/1767431289984013204";"El ahorro de toda una vida de los trabajadores colombianos no le pertenece al gobierno de turno para financiar subsidios electorales. En la plenaria del Senado defenderemos el ahorro individual y el derecho de cada ciudadano a elegir su futuro. #PensiónDigna #NoAlDespojo"
15;"twitter";"@OscarVillamiz";"@OscarVillamiz: Exigencia a Invías y ANI por la Ruta del Cacao";62300;81000;0;4110;5;1490;"Infraestructura Vial y Conectividad";"https://x.com/OscarVillamiz/status/1766891234984013110";"No más excusas con la infraestructura de Santander. Los derrumbes y cierres en la vía Bucaramanga - Barrancabermeja tienen asfixiado el transporte de carga y a miles de familias trabajadoras. Radicamos citación urgente al Ministro de Transporte para exigir cronograma de obras definitivo. ¡Santander se respeta! 🚧🇨🇴"
14;"twitter";"@OscarVillamiz";"@OscarVillamiz: Control Político a las Finanzas Públicas y Empleo";44100;59800;0;2750;5;830;"Economía, Empleo y Finanzas Públicas";"https://x.com/OscarVillamiz/status/1766023412984013045";"El bolsillo de los colombianos y de los emprendedores santandereanos no puede ser la caja menor de la improvisación fiscal. Radicamos solicitud de debate al Ministerio de Hacienda: ¡Votaremos NO a cualquier reforma que asfixie la inversión privada y destruya puestos de trabajo! #TrabajoDigno #DefensaEconómica"
13;"twitter";"@OscarVillamiz";"@OscarVillamiz: Firmeza en el Senado frente a la Seguridad y Orden Público";58400;74200;0;3420;6;1140;"Seguridad Nacional y Orden Público";"https://x.com/OscarVillamiz/status/1765439812984013001";"🇨🇴 Desde la Comisión Primera del Senado lo dejamos muy claro: ¡No hay paz sin autoridad! Las familias de Santander, el Catatumbo y el Magdalena Medio no pueden seguir sometidas por la delincuencia. Exigimos garantías inmediatas y respaldo institucional para nuestra Fuerza Pública. ¡A Colombia se le defiende con hechos y apego a la Constitución! #FirmezaDemocrática #CentroDemocrático #OscarVillamizar"